"","component","Country","Element","Indicator","Quarter","Approved","Expected"
"1","Component 1: bilateral programme fund","China","Output 1: Skills enhanced","Output 1. 'Training of key actors'","2019 Q2",1,1
"2","Component 1: bilateral programme fund","China","Output 1: Skills enhanced","Output 1. 'Training of key actors'","2019 Q3",2,1
"3","Component 1: bilateral programme fund","China","Output 1: Skills enhanced","Output 1. 'Training of key actors'","2019 Q4",3,2
"4","Component 1: bilateral programme fund","China","Output 1: Skills enhanced","Output 1. 'Training of key actors'","2020 Q1",0,3
"5","Component 1: bilateral programme fund","China","Output 1: Skills enhanced","Output 1. 'Training of key actors'","2020 Q2",3,1
"6","Component 1: bilateral programme fund","China","Output 1: Skills enhanced","Output 1. 'Training of key actors'","2021 Q2",0,4
"7","Component 1: bilateral programme fund","China","Output 1: Skills enhanced","Output 1. 'Training of key actors'","2021 Q3",0,6
"8","Component 1: bilateral programme fund","China","Output 1: Skills enhanced","Output 1. 'Training of key actors'","2021 Q4",0,3
"9","Component 1: bilateral programme fund","China","Output 1: Skills enhanced","Output 1. 'Training of key actors'","2022 Q1",0,2
"10","Component 1: bilateral programme fund","China","Output 1: Skills enhanced","Output 1.1 Key individuals trained","2019 Q2",452,0
"11","Component 1: bilateral programme fund","China","Output 1: Skills enhanced","Output 1.1 Key individuals trained","2019 Q3",63,0
"12","Component 1: bilateral programme fund","China","Output 1: Skills enhanced","Output 1.1 Key individuals trained","2019 Q4",1825,0
"13","Component 1: bilateral programme fund","China","Output 1: Skills enhanced","Output 1.1 Key individuals trained","2020 Q2",310,0
"14","Component 1: bilateral programme fund","China","Output 1: Skills enhanced","Output 1.1.1 Key individuals (female prop) trained","2019 Q2",0,0
"15","Component 1: bilateral programme fund","China","Output 1: Skills enhanced","Output 1.1.1 Key individuals (female prop) trained","2019 Q3",0.8,0
"16","Component 1: bilateral programme fund","China","Output 1: Skills enhanced","Output 1.1.1 Key individuals (female prop) trained","2019 Q4",1.4,0
"17","Component 1: bilateral programme fund","China","Output 1: Skills enhanced","Output 1.1.1 Key individuals (female prop) trained","2020 Q2",0.4,0
"18","Component 1: bilateral programme fund","China","Output 1: Skills enhanced","Output 1.1.1 Key individuals (females) trained","2019 Q2",0,0
"19","Component 1: bilateral programme fund","China","Output 1: Skills enhanced","Output 1.1.1 Key individuals (females) trained","2019 Q3",27,0
"20","Component 1: bilateral programme fund","China","Output 1: Skills enhanced","Output 1.1.1 Key individuals (females) trained","2019 Q4",516,0
"21","Component 1: bilateral programme fund","China","Output 1: Skills enhanced","Output 1.1.1 Key individuals (females) trained","2020 Q2",35,0
"22","Component 1: bilateral programme fund","China","Output 1: Skills enhanced","Output 1.1.1 Key individuals (males) trained","2019 Q2",0,0
"23","Component 1: bilateral programme fund","China","Output 1: Skills enhanced","Output 1.1.1 Key individuals (males) trained","2019 Q3",36,0
"24","Component 1: bilateral programme fund","China","Output 1: Skills enhanced","Output 1.1.1 Key individuals (males) trained","2019 Q4",516,0
"25","Component 1: bilateral programme fund","China","Output 1: Skills enhanced","Output 1.1.1 Key individuals (males) trained","2020 Q2",55,0
"26","Component 1: bilateral programme fund","China","Output 1: Skills enhanced","Output 1.1.1 Key individuals (unknown) trained","2019 Q2",452,0
"27","Component 1: bilateral programme fund","China","Output 1: Skills enhanced","Output 1.1.1 Key individuals (unknown) trained","2019 Q3",0,0
"28","Component 1: bilateral programme fund","China","Output 1: Skills enhanced","Output 1.1.1 Key individuals (unknown) trained","2019 Q4",793,0
"29","Component 1: bilateral programme fund","China","Output 1: Skills enhanced","Output 1.1.1 Key individuals (unknown) trained","2020 Q2",220,0
"30","Component 1: bilateral programme fund","China","Output 1: Skills enhanced","Output 1.2 Person days of training","2019 Q2",452,0
"31","Component 1: bilateral programme fund","China","Output 1: Skills enhanced","Output 1.2 Person days of training","2019 Q3",41.5,0
"32","Component 1: bilateral programme fund","China","Output 1: Skills enhanced","Output 1.2 Person days of training","2019 Q4",1812.5,0
"33","Component 1: bilateral programme fund","China","Output 1: Skills enhanced","Output 1.2 Person days of training","2020 Q2",200,0
"34","Component 1: bilateral programme fund","China","Output 2: Recommendations proposed","Output 2.1. 'Recommendation proposed for policy/legislation'","2019 Q2",1,1
"35","Component 1: bilateral programme fund","China","Output 2: Recommendations proposed","Output 2.1. 'Recommendation proposed for policy/legislation'","2020 Q1",4,4
"36","Component 1: bilateral programme fund","China","Output 2: Recommendations proposed","Output 2.1. 'Recommendation proposed for policy/legislation'","2020 Q2",1,0
"37","Component 1: bilateral programme fund","China","Output 2: Recommendations proposed","Output 2.1. 'Recommendation proposed for policy/legislation'","2021 Q3",0,2
"38","Component 1: bilateral programme fund","China","Output 2: Recommendations proposed","Output 2.1. 'Recommendation proposed for policy/legislation'","2021 Q4",0,4
"39","Component 1: bilateral programme fund","China","Output 2: Recommendations proposed","Output 2.2. 'Recommendation proposed for other actions'","2019 Q2",1,0
"40","Component 1: bilateral programme fund","China","Output 2: Recommendations proposed","Output 2.2. 'Recommendation proposed for other actions'","2019 Q3",0,1
"41","Component 1: bilateral programme fund","China","Output 2: Recommendations proposed","Output 2.2. 'Recommendation proposed for other actions'","2019 Q4",0,1
"42","Component 1: bilateral programme fund","China","Output 2: Recommendations proposed","Output 2.2. 'Recommendation proposed for other actions'","2020 Q1",1,0
"43","Component 1: bilateral programme fund","China","Output 2: Recommendations proposed","Output 2.2. 'Recommendation proposed for other actions'","2021 Q2",0,1
"44","Component 1: bilateral programme fund","China","Output 2: Recommendations proposed","Output 2.2. 'Recommendation proposed for other actions'","2021 Q3",0,2
"45","Component 1: bilateral programme fund","China","Output 2: Recommendations proposed","Output 2.2. 'Recommendation proposed for other actions'","2021 Q4",0,1
"46","Component 1: bilateral programme fund","China","Output 2: Recommendations proposed","Output 2.2. 'Recommendation proposed for other actions'","2022 Q1",0,1
"47","Component 1: bilateral programme fund","China","Output 3: Knowledge generated and disseminated","Output 3.1. 'Knowledge product developed'","2019 Q2",7,6
"48","Component 1: bilateral programme fund","China","Output 3: Knowledge generated and disseminated","Output 3.1. 'Knowledge product developed'","2019 Q3",1,3
"49","Component 1: bilateral programme fund","China","Output 3: Knowledge generated and disseminated","Output 3.1. 'Knowledge product developed'","2019 Q4",4,5
"50","Component 1: bilateral programme fund","China","Output 3: Knowledge generated and disseminated","Output 3.1. 'Knowledge product developed'","2020 Q1",3,9
"51","Component 1: bilateral programme fund","China","Output 3: Knowledge generated and disseminated","Output 3.1. 'Knowledge product developed'","2020 Q2",8,2
"52","Component 1: bilateral programme fund","China","Output 3: Knowledge generated and disseminated","Output 3.1. 'Knowledge product developed'","2020 Q3",0,1
"53","Component 1: bilateral programme fund","China","Output 3: Knowledge generated and disseminated","Output 3.1. 'Knowledge product developed'","2020 Q4",3,0
"54","Component 1: bilateral programme fund","China","Output 3: Knowledge generated and disseminated","Output 3.1. 'Knowledge product developed'","2021 Q1",1,1
"55","Component 1: bilateral programme fund","China","Output 3: Knowledge generated and disseminated","Output 3.1. 'Knowledge product developed'","2021 Q2",0,2
"56","Component 1: bilateral programme fund","China","Output 3: Knowledge generated and disseminated","Output 3.1. 'Knowledge product developed'","2021 Q3",0,2
"57","Component 1: bilateral programme fund","China","Output 3: Knowledge generated and disseminated","Output 3.1. 'Knowledge product developed'","2021 Q4",0,9
"58","Component 1: bilateral programme fund","China","Output 3: Knowledge generated and disseminated","Output 3.2. 'Communication product disseminated'","2019 Q2",2,1
"59","Component 1: bilateral programme fund","China","Output 3: Knowledge generated and disseminated","Output 3.2. 'Communication product disseminated'","2019 Q3",1,1
"60","Component 1: bilateral programme fund","China","Output 3: Knowledge generated and disseminated","Output 3.2. 'Communication product disseminated'","2019 Q4",2,0
"61","Component 1: bilateral programme fund","China","Output 3: Knowledge generated and disseminated","Output 3.2. 'Communication product disseminated'","2020 Q1",0,3
"62","Component 1: bilateral programme fund","China","Output 3: Knowledge generated and disseminated","Output 3.2. 'Communication product disseminated'","2020 Q2",0,5
"63","Component 1: bilateral programme fund","China","Output 3: Knowledge generated and disseminated","Output 3.2. 'Communication product disseminated'","2020 Q3",7,0
"64","Component 1: bilateral programme fund","China","Output 3: Knowledge generated and disseminated","Output 3.2. 'Communication product disseminated'","2020 Q4",1,0
"65","Component 1: bilateral programme fund","China","Output 3: Knowledge generated and disseminated","Output 3.2. 'Communication product disseminated'","2021 Q2",0,1
"66","Component 1: bilateral programme fund","China","Output 3: Knowledge generated and disseminated","Output 3.2. 'Communication product disseminated'","2021 Q4",0,7
"67","Component 1: bilateral programme fund","China","Output 3: Knowledge generated and disseminated","Output 3.2. 'Communication product disseminated'","2022 Q1",0,2
"68","Component 1: bilateral programme fund","China","Output 4: Networks created and strengthened","Output 4. 'Network created/strenghtened'","2019 Q2",1,1
"69","Component 1: bilateral programme fund","China","Output 4: Networks created and strengthened","Output 4. 'Network created/strenghtened'","2019 Q3",1,0
"70","Component 1: bilateral programme fund","China","Output 4: Networks created and strengthened","Output 4. 'Network created/strenghtened'","2019 Q4",0,1
"71","Component 1: bilateral programme fund","China","Output 4: Networks created and strengthened","Output 4. 'Network created/strenghtened'","2020 Q1",1,1
"72","Component 1: bilateral programme fund","China","Output 4: Networks created and strengthened","Output 4. 'Network created/strenghtened'","2021 Q2",0,1
"73","Component 1: bilateral programme fund","China","Output 4: Networks created and strengthened","Output 4. 'Network created/strenghtened'","2021 Q3",0,2
"74","Component 1: bilateral programme fund","China","Output 4: Networks created and strengthened","Output 4. 'Network created/strenghtened'","2021 Q4",0,1
"75","Component 1: bilateral programme fund","China","Output 4: Networks created and strengthened","Output 4. 'Network created/strenghtened'","2022 Q1",0,3
"76","Component 1: bilateral programme fund","China","Intermediate Outcomes","Int. Out 1 'Enhanced action because of training'","2019 Q3",0,1
"77","Component 1: bilateral programme fund","China","Intermediate Outcomes","Int. Out 1 'Enhanced action because of training'","2019 Q4",1,0
"78","Component 1: bilateral programme fund","China","Intermediate Outcomes","Int. Out 1 'Enhanced action because of training'","2020 Q1",3,0
"79","Component 1: bilateral programme fund","China","Intermediate Outcomes","Int. Out 1 'Enhanced action because of training'","2020 Q3",1,0
"80","Component 1: bilateral programme fund","China","Intermediate Outcomes","Int. Out 1 'Enhanced action because of training'","2021 Q2",0,1
"81","Component 1: bilateral programme fund","China","Intermediate Outcomes","Int. Out 1 'Enhanced action because of training'","2021 Q4",0,1
"82","Component 1: bilateral programme fund","China","Intermediate Outcomes","Int. Out 1 'Enhanced action because of training'","2022 Q1",0,1
"83","Component 1: bilateral programme fund","China","Intermediate Outcomes","Int. Out 1 'Enhanced action because of training'","Currently unknown",0,6
"84","Component 1: bilateral programme fund","China","Intermediate Outcomes","Int. Out 2. 'Adoption of recommendation for policy/legislation'","2019 Q4",1,0
"85","Component 1: bilateral programme fund","China","Intermediate Outcomes","Int. Out 2. 'Adoption of recommendation for policy/legislation'","2020 Q2",2,0
"86","Component 1: bilateral programme fund","China","Intermediate Outcomes","Int. Out 2. 'Adoption of recommendation for policy/legislation'","2020 Q4",0,1
"87","Component 1: bilateral programme fund","China","Intermediate Outcomes","Int. Out 2. 'Adoption of recommendation for policy/legislation'","2022 Q1",0,1
"88","Component 1: bilateral programme fund","China","Intermediate Outcomes","Int. Out 2. 'Adoption of recommendation for policy/legislation'","Currently unknown",0,4
"89","Component 1: bilateral programme fund","China","Intermediate Outcomes","Int. Out 3. 'Adoption of recommendation for other action'","2020 Q2",1,0
"90","Component 1: bilateral programme fund","China","Intermediate Outcomes","Int. Out 3. 'Adoption of recommendation for other action'","2020 Q3",1,0
"91","Component 1: bilateral programme fund","China","Intermediate Outcomes","Int. Out 3. 'Adoption of recommendation for other action'","2022 Q1",0,1
"92","Component 1: bilateral programme fund","China","Intermediate Outcomes","Int. Out 3. 'Adoption of recommendation for other action'","Currently unknown",0,5
"93","Component 1: bilateral programme fund","China","Intermediate Outcomes","Int. Out 5. 'Adoption of knowledge/communication product'","2019 Q2",1,0
"94","Component 1: bilateral programme fund","China","Intermediate Outcomes","Int. Out 5. 'Adoption of knowledge/communication product'","2020 Q2",1,0
"95","Component 1: bilateral programme fund","China","Intermediate Outcomes","Int. Out 5. 'Adoption of knowledge/communication product'","Currently unknown",0,8
"96","Component 1: bilateral programme fund","China","Intermediate Outcomes","Int. Out 6. 'Network/partnership adopt relevant project/activities'","Currently unknown",0,3
"97","Component 1: bilateral programme fund","China","Outcomes","Outcome 1. 'Increased capacity for relevant organisations'","2020 Q1",3,0
"98","Component 1: bilateral programme fund","China","Outcomes","Outcome 1. 'Increased capacity for relevant organisations'","Currently unknown",0,9
"99","Component 1: bilateral programme fund","China","Outcomes","Outcome 2. 'Recommendation implemented'","2020 Q3",1,0
"100","Component 1: bilateral programme fund","China","Outcomes","Outcome 2. 'Recommendation implemented'","Currently unknown",0,8
"101","Component 1: bilateral programme fund","China","Outcomes","Outcome 4. 'Finances invested'","Currently unknown",0,3
"102","Component 1: bilateral programme fund","Colombia","Output 1: Skills enhanced","Output 1. 'Training of key actors'","2019 Q2",1,1
"103","Component 1: bilateral programme fund","Colombia","Output 1: Skills enhanced","Output 1. 'Training of key actors'","2019 Q4",3,3
"104","Component 1: bilateral programme fund","Colombia","Output 1: Skills enhanced","Output 1. 'Training of key actors'","2020 Q1",3,6
"105","Component 1: bilateral programme fund","Colombia","Output 1: Skills enhanced","Output 1. 'Training of key actors'","2020 Q2",4,5
"106","Component 1: bilateral programme fund","Colombia","Output 1: Skills enhanced","Output 1. 'Training of key actors'","2020 Q3",2,3
"107","Component 1: bilateral programme fund","Colombia","Output 1: Skills enhanced","Output 1. 'Training of key actors'","2020 Q4",7,1
"108","Component 1: bilateral programme fund","Colombia","Output 1: Skills enhanced","Output 1. 'Training of key actors'","2021 Q1",0,1
"109","Component 1: bilateral programme fund","Colombia","Output 1: Skills enhanced","Output 1. 'Training of key actors'","2021 Q2",0,2
"110","Component 1: bilateral programme fund","Colombia","Output 1: Skills enhanced","Output 1. 'Training of key actors'","2021 Q3",0,1
"111","Component 1: bilateral programme fund","Colombia","Output 1: Skills enhanced","Output 1. 'Training of key actors'","2021 Q4",0,1
"112","Component 1: bilateral programme fund","Colombia","Output 1: Skills enhanced","Output 1. 'Training of key actors'","2022 Q1",0,2
"113","Component 1: bilateral programme fund","Colombia","Output 1: Skills enhanced","Output 1.1 Key individuals trained","2019 Q2",40,0
"114","Component 1: bilateral programme fund","Colombia","Output 1: Skills enhanced","Output 1.1 Key individuals trained","2019 Q4",306,0
"115","Component 1: bilateral programme fund","Colombia","Output 1: Skills enhanced","Output 1.1 Key individuals trained","2020 Q1",314,0
"116","Component 1: bilateral programme fund","Colombia","Output 1: Skills enhanced","Output 1.1 Key individuals trained","2020 Q2",24740,0
"117","Component 1: bilateral programme fund","Colombia","Output 1: Skills enhanced","Output 1.1 Key individuals trained","2020 Q3",266,0
"118","Component 1: bilateral programme fund","Colombia","Output 1: Skills enhanced","Output 1.1 Key individuals trained","2020 Q4",1111,0
"119","Component 1: bilateral programme fund","Colombia","Output 1: Skills enhanced","Output 1.1.1 Key individuals (female prop) trained","2019 Q2",0.3,0
"120","Component 1: bilateral programme fund","Colombia","Output 1: Skills enhanced","Output 1.1.1 Key individuals (female prop) trained","2019 Q4",1.3,0
"121","Component 1: bilateral programme fund","Colombia","Output 1: Skills enhanced","Output 1.1.1 Key individuals (female prop) trained","2020 Q1",1,0
"122","Component 1: bilateral programme fund","Colombia","Output 1: Skills enhanced","Output 1.1.1 Key individuals (female prop) trained","2020 Q2",2,0
"123","Component 1: bilateral programme fund","Colombia","Output 1: Skills enhanced","Output 1.1.1 Key individuals (female prop) trained","2020 Q3",0.4,0
"124","Component 1: bilateral programme fund","Colombia","Output 1: Skills enhanced","Output 1.1.1 Key individuals (female prop) trained","2020 Q4",2.9,0
"125","Component 1: bilateral programme fund","Colombia","Output 1: Skills enhanced","Output 1.1.1 Key individuals (females) trained","2019 Q2",12,0
"126","Component 1: bilateral programme fund","Colombia","Output 1: Skills enhanced","Output 1.1.1 Key individuals (females) trained","2019 Q4",138,0
"127","Component 1: bilateral programme fund","Colombia","Output 1: Skills enhanced","Output 1.1.1 Key individuals (females) trained","2020 Q1",158,0
"128","Component 1: bilateral programme fund","Colombia","Output 1: Skills enhanced","Output 1.1.1 Key individuals (females) trained","2020 Q2",13106,0
"129","Component 1: bilateral programme fund","Colombia","Output 1: Skills enhanced","Output 1.1.1 Key individuals (females) trained","2020 Q3",27,0
"130","Component 1: bilateral programme fund","Colombia","Output 1: Skills enhanced","Output 1.1.1 Key individuals (females) trained","2020 Q4",343,0
"131","Component 1: bilateral programme fund","Colombia","Output 1: Skills enhanced","Output 1.1.1 Key individuals (males) trained","2019 Q2",28,0
"132","Component 1: bilateral programme fund","Colombia","Output 1: Skills enhanced","Output 1.1.1 Key individuals (males) trained","2019 Q4",167,0
"133","Component 1: bilateral programme fund","Colombia","Output 1: Skills enhanced","Output 1.1.1 Key individuals (males) trained","2020 Q1",156,0
"134","Component 1: bilateral programme fund","Colombia","Output 1: Skills enhanced","Output 1.1.1 Key individuals (males) trained","2020 Q2",11634,0
"135","Component 1: bilateral programme fund","Colombia","Output 1: Skills enhanced","Output 1.1.1 Key individuals (males) trained","2020 Q3",43,0
"136","Component 1: bilateral programme fund","Colombia","Output 1: Skills enhanced","Output 1.1.1 Key individuals (males) trained","2020 Q4",282,0
"137","Component 1: bilateral programme fund","Colombia","Output 1: Skills enhanced","Output 1.1.1 Key individuals (unknown) trained","2019 Q2",0,0
"138","Component 1: bilateral programme fund","Colombia","Output 1: Skills enhanced","Output 1.1.1 Key individuals (unknown) trained","2019 Q4",1,0
"139","Component 1: bilateral programme fund","Colombia","Output 1: Skills enhanced","Output 1.1.1 Key individuals (unknown) trained","2020 Q1",0,0
"140","Component 1: bilateral programme fund","Colombia","Output 1: Skills enhanced","Output 1.1.1 Key individuals (unknown) trained","2020 Q2",0,0
"141","Component 1: bilateral programme fund","Colombia","Output 1: Skills enhanced","Output 1.1.1 Key individuals (unknown) trained","2020 Q3",196,0
"142","Component 1: bilateral programme fund","Colombia","Output 1: Skills enhanced","Output 1.1.1 Key individuals (unknown) trained","2020 Q4",486,0
"143","Component 1: bilateral programme fund","Colombia","Output 1: Skills enhanced","Output 1.2 Person days of training","2019 Q2",40,0
"144","Component 1: bilateral programme fund","Colombia","Output 1: Skills enhanced","Output 1.2 Person days of training","2019 Q4",232,0
"145","Component 1: bilateral programme fund","Colombia","Output 1: Skills enhanced","Output 1.2 Person days of training","2020 Q1",477,0
"146","Component 1: bilateral programme fund","Colombia","Output 1: Skills enhanced","Output 1.2 Person days of training","2020 Q2",25528.5,0
"147","Component 1: bilateral programme fund","Colombia","Output 1: Skills enhanced","Output 1.2 Person days of training","2020 Q3",546,0
"148","Component 1: bilateral programme fund","Colombia","Output 1: Skills enhanced","Output 1.2 Person days of training","2020 Q4",1070,0
"149","Component 1: bilateral programme fund","Colombia","Output 2: Recommendations proposed","Output 2.1. 'Recommendation proposed for policy/legislation'","2019 Q4",0,1
"150","Component 1: bilateral programme fund","Colombia","Output 2: Recommendations proposed","Output 2.1. 'Recommendation proposed for policy/legislation'","2020 Q1",1,1
"151","Component 1: bilateral programme fund","Colombia","Output 2: Recommendations proposed","Output 2.1. 'Recommendation proposed for policy/legislation'","2020 Q2",1,3
"152","Component 1: bilateral programme fund","Colombia","Output 2: Recommendations proposed","Output 2.1. 'Recommendation proposed for policy/legislation'","2020 Q4",2,0
"153","Component 1: bilateral programme fund","Colombia","Output 2: Recommendations proposed","Output 2.1. 'Recommendation proposed for policy/legislation'","2021 Q3",0,2
"154","Component 1: bilateral programme fund","Colombia","Output 2: Recommendations proposed","Output 2.1. 'Recommendation proposed for policy/legislation'","2021 Q4",0,1
"155","Component 1: bilateral programme fund","Colombia","Output 2: Recommendations proposed","Output 2.1. 'Recommendation proposed for policy/legislation'","2022 Q1",0,1
"156","Component 1: bilateral programme fund","Colombia","Output 2: Recommendations proposed","Output 2.2. 'Recommendation proposed for other actions'","2019 Q2",1,1
"157","Component 1: bilateral programme fund","Colombia","Output 2: Recommendations proposed","Output 2.2. 'Recommendation proposed for other actions'","2019 Q4",1,2
"158","Component 1: bilateral programme fund","Colombia","Output 2: Recommendations proposed","Output 2.2. 'Recommendation proposed for other actions'","2020 Q1",4,1
"159","Component 1: bilateral programme fund","Colombia","Output 2: Recommendations proposed","Output 2.2. 'Recommendation proposed for other actions'","2020 Q2",3,4
"160","Component 1: bilateral programme fund","Colombia","Output 2: Recommendations proposed","Output 2.2. 'Recommendation proposed for other actions'","2020 Q4",0,2
"161","Component 1: bilateral programme fund","Colombia","Output 2: Recommendations proposed","Output 2.3. 'Project application/ tools developed to access funds'","2019 Q2",1,1
"162","Component 1: bilateral programme fund","Colombia","Output 2: Recommendations proposed","Output 2.3. 'Project application/ tools developed to access funds'","2020 Q1",3,4
"163","Component 1: bilateral programme fund","Colombia","Output 2: Recommendations proposed","Output 2.3. 'Project application/ tools developed to access funds'","2020 Q2",0,2
"164","Component 1: bilateral programme fund","Colombia","Output 2: Recommendations proposed","Output 2.3. 'Project application/ tools developed to access funds'","2020 Q3",1,1
"165","Component 1: bilateral programme fund","Colombia","Output 2: Recommendations proposed","Output 2.3. 'Project application/ tools developed to access funds'","2020 Q4",5,1
"166","Component 1: bilateral programme fund","Colombia","Output 2: Recommendations proposed","Output 2.3. 'Project application/ tools developed to access funds'","2022 Q1",0,1
"167","Component 1: bilateral programme fund","Colombia","Output 3: Knowledge generated and disseminated","Output 3.1. 'Knowledge product developed'","2019 Q2",3,3
"168","Component 1: bilateral programme fund","Colombia","Output 3: Knowledge generated and disseminated","Output 3.1. 'Knowledge product developed'","2019 Q4",5,8
"169","Component 1: bilateral programme fund","Colombia","Output 3: Knowledge generated and disseminated","Output 3.1. 'Knowledge product developed'","2020 Q1",5,3
"170","Component 1: bilateral programme fund","Colombia","Output 3: Knowledge generated and disseminated","Output 3.1. 'Knowledge product developed'","2020 Q2",5,7
"171","Component 1: bilateral programme fund","Colombia","Output 3: Knowledge generated and disseminated","Output 3.1. 'Knowledge product developed'","2020 Q3",3,1
"172","Component 1: bilateral programme fund","Colombia","Output 3: Knowledge generated and disseminated","Output 3.1. 'Knowledge product developed'","2020 Q4",6,2
"173","Component 1: bilateral programme fund","Colombia","Output 3: Knowledge generated and disseminated","Output 3.2. 'Communication product disseminated'","2019 Q2",1,1
"174","Component 1: bilateral programme fund","Colombia","Output 3: Knowledge generated and disseminated","Output 3.2. 'Communication product disseminated'","2019 Q3",1,1
"175","Component 1: bilateral programme fund","Colombia","Output 3: Knowledge generated and disseminated","Output 3.2. 'Communication product disseminated'","2019 Q4",0,2
"176","Component 1: bilateral programme fund","Colombia","Output 3: Knowledge generated and disseminated","Output 3.2. 'Communication product disseminated'","2020 Q1",2,2
"177","Component 1: bilateral programme fund","Colombia","Output 3: Knowledge generated and disseminated","Output 3.2. 'Communication product disseminated'","2020 Q2",2,2
"178","Component 1: bilateral programme fund","Colombia","Output 3: Knowledge generated and disseminated","Output 3.2. 'Communication product disseminated'","2020 Q3",1,2
"179","Component 1: bilateral programme fund","Colombia","Output 3: Knowledge generated and disseminated","Output 3.2. 'Communication product disseminated'","2020 Q4",6,0
"180","Component 1: bilateral programme fund","Colombia","Output 4: Networks created and strengthened","Output 4. 'Network created/strenghtened'","2019 Q3",2,1
"181","Component 1: bilateral programme fund","Colombia","Output 4: Networks created and strengthened","Output 4. 'Network created/strenghtened'","2019 Q4",3,2
"182","Component 1: bilateral programme fund","Colombia","Output 4: Networks created and strengthened","Output 4. 'Network created/strenghtened'","2020 Q1",3,1
"183","Component 1: bilateral programme fund","Colombia","Output 4: Networks created and strengthened","Output 4. 'Network created/strenghtened'","2020 Q2",0,3
"184","Component 1: bilateral programme fund","Colombia","Output 4: Networks created and strengthened","Output 4. 'Network created/strenghtened'","2021 Q1",0,2
"185","Component 1: bilateral programme fund","Colombia","Intermediate Outcomes","Int. Out 1 'Enhanced action because of training'","2020 Q1",2,0
"186","Component 1: bilateral programme fund","Colombia","Intermediate Outcomes","Int. Out 1 'Enhanced action because of training'","2020 Q2",1,0
"187","Component 1: bilateral programme fund","Colombia","Intermediate Outcomes","Int. Out 1 'Enhanced action because of training'","2020 Q3",1,2
"188","Component 1: bilateral programme fund","Colombia","Intermediate Outcomes","Int. Out 1 'Enhanced action because of training'","2020 Q4",2,0
"189","Component 1: bilateral programme fund","Colombia","Intermediate Outcomes","Int. Out 1 'Enhanced action because of training'","Currently unknown",0,4
"190","Component 1: bilateral programme fund","Colombia","Intermediate Outcomes","Int. Out 2. 'Adoption of recommendation for policy/legislation'","2020 Q2",0,2
"191","Component 1: bilateral programme fund","Colombia","Intermediate Outcomes","Int. Out 2. 'Adoption of recommendation for policy/legislation'","2020 Q4",2,0
"192","Component 1: bilateral programme fund","Colombia","Intermediate Outcomes","Int. Out 2. 'Adoption of recommendation for policy/legislation'","2021 Q1",2,0
"193","Component 1: bilateral programme fund","Colombia","Intermediate Outcomes","Int. Out 2. 'Adoption of recommendation for policy/legislation'","Currently unknown",0,4
"194","Component 1: bilateral programme fund","Colombia","Intermediate Outcomes","Int. Out 3. 'Adoption of recommendation for other action'","2019 Q4",1,0
"195","Component 1: bilateral programme fund","Colombia","Intermediate Outcomes","Int. Out 3. 'Adoption of recommendation for other action'","2020 Q1",1,0
"196","Component 1: bilateral programme fund","Colombia","Intermediate Outcomes","Int. Out 3. 'Adoption of recommendation for other action'","2020 Q2",1,1
"197","Component 1: bilateral programme fund","Colombia","Intermediate Outcomes","Int. Out 3. 'Adoption of recommendation for other action'","2020 Q3",1,1
"198","Component 1: bilateral programme fund","Colombia","Intermediate Outcomes","Int. Out 3. 'Adoption of recommendation for other action'","2020 Q4",0,1
"199","Component 1: bilateral programme fund","Colombia","Intermediate Outcomes","Int. Out 3. 'Adoption of recommendation for other action'","Currently unknown",0,3
"200","Component 1: bilateral programme fund","Colombia","Intermediate Outcomes","Int. Out 4. 'Finance accessed or leveraged'","2019 Q4",1,1
"201","Component 1: bilateral programme fund","Colombia","Intermediate Outcomes","Int. Out 4. 'Finance accessed or leveraged'","2020 Q3",0,1
"202","Component 1: bilateral programme fund","Colombia","Intermediate Outcomes","Int. Out 4. 'Finance accessed or leveraged'","2020 Q4",2,0
"203","Component 1: bilateral programme fund","Colombia","Intermediate Outcomes","Int. Out 4. 'Finance accessed or leveraged'","Currently unknown",0,4
"204","Component 1: bilateral programme fund","Colombia","Intermediate Outcomes","Int. Out 5. 'Adoption of knowledge/communication product'","2020 Q3",0,1
"205","Component 1: bilateral programme fund","Colombia","Intermediate Outcomes","Int. Out 5. 'Adoption of knowledge/communication product'","2020 Q4",2,0
"206","Component 1: bilateral programme fund","Colombia","Intermediate Outcomes","Int. Out 5. 'Adoption of knowledge/communication product'","Currently unknown",0,1
"207","Component 1: bilateral programme fund","Colombia","Outcomes","Outcome 1. 'Increased capacity for relevant organisations'","2020 Q3",0,1
"208","Component 1: bilateral programme fund","Colombia","Outcomes","Outcome 1. 'Increased capacity for relevant organisations'","2020 Q4",0,1
"209","Component 1: bilateral programme fund","Colombia","Outcomes","Outcome 2. 'Recommendation implemented'","2019 Q4",1,0
"210","Component 1: bilateral programme fund","Colombia","Outcomes","Outcome 2. 'Recommendation implemented'","2020 Q3",1,0
"211","Component 1: bilateral programme fund","Colombia","Outcomes","Outcome 2. 'Recommendation implemented'","2020 Q4",0,2
"212","Component 1: bilateral programme fund","Colombia","Outcomes","Outcome 2. 'Recommendation implemented'","Currently unknown",0,2
"213","Component 1: bilateral programme fund","Colombia","Outcomes","Outcome 4. 'Finances invested'","2019 Q4",0,1
"214","Component 1: bilateral programme fund","Colombia","Outcomes","Outcome 4. 'Finances invested'","2020 Q4",80200000,0
"215","Component 1: bilateral programme fund","Colombia","Outcomes","Outcome 4. 'Finances invested'","Currently unknown",0,6
"216","Component 1: bilateral programme fund","Mexico","Output 1: Skills enhanced","Output 1. 'Training of key actors'","2019 Q2",0,1
"217","Component 1: bilateral programme fund","Mexico","Output 1: Skills enhanced","Output 1. 'Training of key actors'","2019 Q3",1,1
"218","Component 1: bilateral programme fund","Mexico","Output 1: Skills enhanced","Output 1. 'Training of key actors'","2019 Q4",1,2
"219","Component 1: bilateral programme fund","Mexico","Output 1: Skills enhanced","Output 1. 'Training of key actors'","2020 Q1",2,0
"220","Component 1: bilateral programme fund","Mexico","Output 1: Skills enhanced","Output 1. 'Training of key actors'","2020 Q2",2,0
"221","Component 1: bilateral programme fund","Mexico","Output 1: Skills enhanced","Output 1. 'Training of key actors'","2020 Q3",3,3
"222","Component 1: bilateral programme fund","Mexico","Output 1: Skills enhanced","Output 1. 'Training of key actors'","2020 Q4",1,0
"223","Component 1: bilateral programme fund","Mexico","Output 1: Skills enhanced","Output 1. 'Training of key actors'","2021 Q2",0,1
"224","Component 1: bilateral programme fund","Mexico","Output 1: Skills enhanced","Output 1.1 Key individuals trained","2019 Q3",53,0
"225","Component 1: bilateral programme fund","Mexico","Output 1: Skills enhanced","Output 1.1 Key individuals trained","2019 Q4",100,0
"226","Component 1: bilateral programme fund","Mexico","Output 1: Skills enhanced","Output 1.1 Key individuals trained","2020 Q1",113,0
"227","Component 1: bilateral programme fund","Mexico","Output 1: Skills enhanced","Output 1.1 Key individuals trained","2020 Q2",148,0
"228","Component 1: bilateral programme fund","Mexico","Output 1: Skills enhanced","Output 1.1 Key individuals trained","2020 Q3",273,0
"229","Component 1: bilateral programme fund","Mexico","Output 1: Skills enhanced","Output 1.1 Key individuals trained","2020 Q4",30,0
"230","Component 1: bilateral programme fund","Mexico","Output 1: Skills enhanced","Output 1.1.1 Key individuals (female prop) trained","2019 Q3",0.3,0
"231","Component 1: bilateral programme fund","Mexico","Output 1: Skills enhanced","Output 1.1.1 Key individuals (female prop) trained","2019 Q4",0.5,0
"232","Component 1: bilateral programme fund","Mexico","Output 1: Skills enhanced","Output 1.1.1 Key individuals (female prop) trained","2020 Q1",0.9,0
"233","Component 1: bilateral programme fund","Mexico","Output 1: Skills enhanced","Output 1.1.1 Key individuals (female prop) trained","2020 Q2",1,0
"234","Component 1: bilateral programme fund","Mexico","Output 1: Skills enhanced","Output 1.1.1 Key individuals (female prop) trained","2020 Q3",1.1,0
"235","Component 1: bilateral programme fund","Mexico","Output 1: Skills enhanced","Output 1.1.1 Key individuals (female prop) trained","2020 Q4",0.7,0
"236","Component 1: bilateral programme fund","Mexico","Output 1: Skills enhanced","Output 1.1.1 Key individuals (females) trained","2019 Q3",14,0
"237","Component 1: bilateral programme fund","Mexico","Output 1: Skills enhanced","Output 1.1.1 Key individuals (females) trained","2019 Q4",48,0
"238","Component 1: bilateral programme fund","Mexico","Output 1: Skills enhanced","Output 1.1.1 Key individuals (females) trained","2020 Q1",50,0
"239","Component 1: bilateral programme fund","Mexico","Output 1: Skills enhanced","Output 1.1.1 Key individuals (females) trained","2020 Q2",70,0
"240","Component 1: bilateral programme fund","Mexico","Output 1: Skills enhanced","Output 1.1.1 Key individuals (females) trained","2020 Q3",141,0
"241","Component 1: bilateral programme fund","Mexico","Output 1: Skills enhanced","Output 1.1.1 Key individuals (females) trained","2020 Q4",20,0
"242","Component 1: bilateral programme fund","Mexico","Output 1: Skills enhanced","Output 1.1.1 Key individuals (males) trained","2019 Q3",39,0
"243","Component 1: bilateral programme fund","Mexico","Output 1: Skills enhanced","Output 1.1.1 Key individuals (males) trained","2019 Q4",52,0
"244","Component 1: bilateral programme fund","Mexico","Output 1: Skills enhanced","Output 1.1.1 Key individuals (males) trained","2020 Q1",63,0
"245","Component 1: bilateral programme fund","Mexico","Output 1: Skills enhanced","Output 1.1.1 Key individuals (males) trained","2020 Q2",78,0
"246","Component 1: bilateral programme fund","Mexico","Output 1: Skills enhanced","Output 1.1.1 Key individuals (males) trained","2020 Q3",132,0
"247","Component 1: bilateral programme fund","Mexico","Output 1: Skills enhanced","Output 1.1.1 Key individuals (males) trained","2020 Q4",10,0
"248","Component 1: bilateral programme fund","Mexico","Output 1: Skills enhanced","Output 1.1.1 Key individuals (unknown) trained","2019 Q3",0,0
"249","Component 1: bilateral programme fund","Mexico","Output 1: Skills enhanced","Output 1.1.1 Key individuals (unknown) trained","2019 Q4",0,0
"250","Component 1: bilateral programme fund","Mexico","Output 1: Skills enhanced","Output 1.1.1 Key individuals (unknown) trained","2020 Q1",0,0
"251","Component 1: bilateral programme fund","Mexico","Output 1: Skills enhanced","Output 1.1.1 Key individuals (unknown) trained","2020 Q2",0,0
"252","Component 1: bilateral programme fund","Mexico","Output 1: Skills enhanced","Output 1.1.1 Key individuals (unknown) trained","2020 Q3",0,0
"253","Component 1: bilateral programme fund","Mexico","Output 1: Skills enhanced","Output 1.1.1 Key individuals (unknown) trained","2020 Q4",0,0
"254","Component 1: bilateral programme fund","Mexico","Output 1: Skills enhanced","Output 1.2 Person days of training","2019 Q3",53,0
"255","Component 1: bilateral programme fund","Mexico","Output 1: Skills enhanced","Output 1.2 Person days of training","2019 Q4",200,0
"256","Component 1: bilateral programme fund","Mexico","Output 1: Skills enhanced","Output 1.2 Person days of training","2020 Q1",102,0
"257","Component 1: bilateral programme fund","Mexico","Output 1: Skills enhanced","Output 1.2 Person days of training","2020 Q2",226,0
"258","Component 1: bilateral programme fund","Mexico","Output 1: Skills enhanced","Output 1.2 Person days of training","2020 Q3",241.5,0
"259","Component 1: bilateral programme fund","Mexico","Output 1: Skills enhanced","Output 1.2 Person days of training","2020 Q4",210,0
"260","Component 1: bilateral programme fund","Mexico","Output 2: Recommendations proposed","Output 2.1. 'Recommendation proposed for policy/legislation'","2019 Q2",3,4
"261","Component 1: bilateral programme fund","Mexico","Output 2: Recommendations proposed","Output 2.1. 'Recommendation proposed for policy/legislation'","2019 Q3",1,1
"262","Component 1: bilateral programme fund","Mexico","Output 2: Recommendations proposed","Output 2.1. 'Recommendation proposed for policy/legislation'","2019 Q4",6,1
"263","Component 1: bilateral programme fund","Mexico","Output 2: Recommendations proposed","Output 2.1. 'Recommendation proposed for policy/legislation'","2020 Q1",0,4
"264","Component 1: bilateral programme fund","Mexico","Output 2: Recommendations proposed","Output 2.1. 'Recommendation proposed for policy/legislation'","2020 Q3",4,0
"265","Component 1: bilateral programme fund","Mexico","Output 2: Recommendations proposed","Output 2.1. 'Recommendation proposed for policy/legislation'","2020 Q4",0,2
"266","Component 1: bilateral programme fund","Mexico","Output 2: Recommendations proposed","Output 2.1. 'Recommendation proposed for policy/legislation'","2021 Q4",0,1
"267","Component 1: bilateral programme fund","Mexico","Output 2: Recommendations proposed","Output 2.1. 'Recommendation proposed for policy/legislation'","Currently unknown",0,1
"268","Component 1: bilateral programme fund","Mexico","Output 2: Recommendations proposed","Output 2.2. 'Recommendation proposed for other actions'","2020 Q3",1,0
"269","Component 1: bilateral programme fund","Mexico","Output 2: Recommendations proposed","Output 2.2. 'Recommendation proposed for other actions'","2021 Q3",0,2
"270","Component 1: bilateral programme fund","Mexico","Output 2: Recommendations proposed","Output 2.3. 'Project application/ tools developed to access funds'","2019 Q3",1,0
"271","Component 1: bilateral programme fund","Mexico","Output 2: Recommendations proposed","Output 2.3. 'Project application/ tools developed to access funds'","2019 Q4",2,2
"272","Component 1: bilateral programme fund","Mexico","Output 2: Recommendations proposed","Output 2.3. 'Project application/ tools developed to access funds'","2020 Q1",0,1
"273","Component 1: bilateral programme fund","Mexico","Output 2: Recommendations proposed","Output 2.3. 'Project application/ tools developed to access funds'","2020 Q4",1,0
"274","Component 1: bilateral programme fund","Mexico","Output 2: Recommendations proposed","Output 2.3. 'Project application/ tools developed to access funds'","Currently unknown",0,2
"275","Component 1: bilateral programme fund","Mexico","Output 3: Knowledge generated and disseminated","Output 3.1. 'Knowledge product developed'","2019 Q2",6,7
"276","Component 1: bilateral programme fund","Mexico","Output 3: Knowledge generated and disseminated","Output 3.1. 'Knowledge product developed'","2019 Q3",1,1
"277","Component 1: bilateral programme fund","Mexico","Output 3: Knowledge generated and disseminated","Output 3.1. 'Knowledge product developed'","2019 Q4",3,1
"278","Component 1: bilateral programme fund","Mexico","Output 3: Knowledge generated and disseminated","Output 3.1. 'Knowledge product developed'","2020 Q4",0,1
"279","Component 1: bilateral programme fund","Mexico","Output 3: Knowledge generated and disseminated","Output 3.1. 'Knowledge product developed'","2021 Q2",0,2
"280","Component 1: bilateral programme fund","Mexico","Output 3: Knowledge generated and disseminated","Output 3.1. 'Knowledge product developed'","2021 Q3",0,1
"281","Component 1: bilateral programme fund","Mexico","Output 3: Knowledge generated and disseminated","Output 3.1. 'Knowledge product developed'","2021 Q4",0,2
"282","Component 1: bilateral programme fund","Mexico","Output 3: Knowledge generated and disseminated","Output 3.1. 'Knowledge product developed'","Currently unknown",0,2
"283","Component 1: bilateral programme fund","Mexico","Output 3: Knowledge generated and disseminated","Output 3.2. 'Communication product disseminated'","2019 Q2",1,1
"284","Component 1: bilateral programme fund","Mexico","Output 3: Knowledge generated and disseminated","Output 3.2. 'Communication product disseminated'","2020 Q1",0,2
"285","Component 1: bilateral programme fund","Mexico","Output 3: Knowledge generated and disseminated","Output 3.2. 'Communication product disseminated'","2020 Q2",1,1
"286","Component 1: bilateral programme fund","Mexico","Output 3: Knowledge generated and disseminated","Output 3.2. 'Communication product disseminated'","2020 Q3",1,0
"287","Component 1: bilateral programme fund","Mexico","Output 3: Knowledge generated and disseminated","Output 3.2. 'Communication product disseminated'","2020 Q4",1,0
"288","Component 1: bilateral programme fund","Mexico","Output 3: Knowledge generated and disseminated","Output 3.2. 'Communication product disseminated'","2021 Q2",0,1
"289","Component 1: bilateral programme fund","Mexico","Output 3: Knowledge generated and disseminated","Output 3.2. 'Communication product disseminated'","2021 Q4",0,1
"290","Component 1: bilateral programme fund","Mexico","Output 4: Networks created and strengthened","Output 4. 'Network created/strenghtened'","2018 Q3",1,0
"291","Component 1: bilateral programme fund","Mexico","Output 4: Networks created and strengthened","Output 4. 'Network created/strenghtened'","2019 Q2",2,3
"292","Component 1: bilateral programme fund","Mexico","Output 4: Networks created and strengthened","Output 4. 'Network created/strenghtened'","2019 Q3",3,2
"293","Component 1: bilateral programme fund","Mexico","Output 4: Networks created and strengthened","Output 4. 'Network created/strenghtened'","2019 Q4",3,2
"294","Component 1: bilateral programme fund","Mexico","Output 4: Networks created and strengthened","Output 4. 'Network created/strenghtened'","2020 Q1",0,1
"295","Component 1: bilateral programme fund","Mexico","Output 4: Networks created and strengthened","Output 4. 'Network created/strenghtened'","2020 Q4",0,1
"296","Component 1: bilateral programme fund","Mexico","Output 4: Networks created and strengthened","Output 4. 'Network created/strenghtened'","2021 Q1",0,1
"297","Component 1: bilateral programme fund","Mexico","Output 4: Networks created and strengthened","Output 4. 'Network created/strenghtened'","2021 Q2",0,1
"298","Component 1: bilateral programme fund","Mexico","Output 4: Networks created and strengthened","Output 4. 'Network created/strenghtened'","2021 Q4",0,3
"299","Component 1: bilateral programme fund","Mexico","Intermediate Outcomes","Int. Out 1 'Enhanced action because of training'","2019 Q4",1,0
"300","Component 1: bilateral programme fund","Mexico","Intermediate Outcomes","Int. Out 1 'Enhanced action because of training'","2020 Q1",1,0
"301","Component 1: bilateral programme fund","Mexico","Intermediate Outcomes","Int. Out 1 'Enhanced action because of training'","2020 Q2",1,1
"302","Component 1: bilateral programme fund","Mexico","Intermediate Outcomes","Int. Out 1 'Enhanced action because of training'","Currently unknown",0,2
"303","Component 1: bilateral programme fund","Mexico","Intermediate Outcomes","Int. Out 2. 'Adoption of recommendation for policy/legislation'","2019 Q2",2,2
"304","Component 1: bilateral programme fund","Mexico","Intermediate Outcomes","Int. Out 2. 'Adoption of recommendation for policy/legislation'","2019 Q3",0,1
"305","Component 1: bilateral programme fund","Mexico","Intermediate Outcomes","Int. Out 2. 'Adoption of recommendation for policy/legislation'","2019 Q4",3,0
"306","Component 1: bilateral programme fund","Mexico","Intermediate Outcomes","Int. Out 2. 'Adoption of recommendation for policy/legislation'","2020 Q2",0,2
"307","Component 1: bilateral programme fund","Mexico","Intermediate Outcomes","Int. Out 2. 'Adoption of recommendation for policy/legislation'","2020 Q3",2,0
"308","Component 1: bilateral programme fund","Mexico","Intermediate Outcomes","Int. Out 2. 'Adoption of recommendation for policy/legislation'","2021 Q1",1,0
"309","Component 1: bilateral programme fund","Mexico","Intermediate Outcomes","Int. Out 2. 'Adoption of recommendation for policy/legislation'","Currently unknown",0,3
"310","Component 1: bilateral programme fund","Mexico","Intermediate Outcomes","Int. Out 3. 'Adoption of recommendation for other action'","2020 Q4",1,0
"311","Component 1: bilateral programme fund","Mexico","Intermediate Outcomes","Int. Out 3. 'Adoption of recommendation for other action'","Currently unknown",0,1
"312","Component 1: bilateral programme fund","Mexico","Intermediate Outcomes","Int. Out 4. 'Finance accessed or leveraged'","2019 Q4",2,0
"313","Component 1: bilateral programme fund","Mexico","Intermediate Outcomes","Int. Out 4. 'Finance accessed or leveraged'","2020 Q1",0,1
"314","Component 1: bilateral programme fund","Mexico","Intermediate Outcomes","Int. Out 4. 'Finance accessed or leveraged'","2020 Q2",0,1
"315","Component 1: bilateral programme fund","Mexico","Intermediate Outcomes","Int. Out 4. 'Finance accessed or leveraged'","Currently unknown",0,1
"316","Component 1: bilateral programme fund","Mexico","Outcomes","Outcome 1. 'Increased capacity for relevant organisations'","2019 Q4",1,0
"317","Component 1: bilateral programme fund","Mexico","Outcomes","Outcome 1. 'Increased capacity for relevant organisations'","2020 Q2",0,1
"318","Component 1: bilateral programme fund","Mexico","Outcomes","Outcome 1. 'Increased capacity for relevant organisations'","Currently unknown",0,2
"319","Component 1: bilateral programme fund","Mexico","Outcomes","Outcome 2. 'Recommendation implemented'","2019 Q2",0,1
"320","Component 1: bilateral programme fund","Mexico","Outcomes","Outcome 2. 'Recommendation implemented'","2019 Q4",2,0
"321","Component 1: bilateral programme fund","Mexico","Outcomes","Outcome 2. 'Recommendation implemented'","2020 Q1",0,1
"322","Component 1: bilateral programme fund","Mexico","Outcomes","Outcome 2. 'Recommendation implemented'","2020 Q2",0,1
"323","Component 1: bilateral programme fund","Mexico","Outcomes","Outcome 2. 'Recommendation implemented'","Currently unknown",0,3
"324","Component 1: bilateral programme fund","Mexico","Outcomes","Outcome 4. 'Finances invested'","2019 Q4",0,0
"325","Component 1: bilateral programme fund","Mexico","Outcomes","Outcome 4. 'Finances invested'","2020 Q1",0,1
"326","Component 1: bilateral programme fund","Mexico","Outcomes","Outcome 4. 'Finances invested'","2020 Q2",5.9e+08,1
"327","Component 1: bilateral programme fund","Mexico","Outcomes","Outcome 4. 'Finances invested'","2020 Q4",2.5e+07,1
"328","Component 1: bilateral programme fund","Mexico","Outcomes","Outcome 4. 'Finances invested'","Currently unknown",0,2
"329","Component 1: bilateral programme fund","South Africa","Output 1: Skills enhanced","Output 1. 'Training of key actors'","2021 Q1",2,3
"330","Component 1: bilateral programme fund","South Africa","Output 1: Skills enhanced","Output 1. 'Training of key actors'","2021 Q2",0,14
"331","Component 1: bilateral programme fund","South Africa","Output 1: Skills enhanced","Output 1. 'Training of key actors'","2021 Q3",0,7
"332","Component 1: bilateral programme fund","South Africa","Output 1: Skills enhanced","Output 1. 'Training of key actors'","2021 Q4",0,8
"333","Component 1: bilateral programme fund","South Africa","Output 1: Skills enhanced","Output 1. 'Training of key actors'","2022 Q1",0,5
"334","Component 1: bilateral programme fund","South Africa","Output 1: Skills enhanced","Output 1.1 Key individuals trained","2021 Q1",73,0
"335","Component 1: bilateral programme fund","South Africa","Output 1: Skills enhanced","Output 1.1.1 Key individuals (female prop) trained","2021 Q1",1,0
"336","Component 1: bilateral programme fund","South Africa","Output 1: Skills enhanced","Output 1.1.1 Key individuals (females) trained","2021 Q1",34,0
"337","Component 1: bilateral programme fund","South Africa","Output 1: Skills enhanced","Output 1.1.1 Key individuals (males) trained","2021 Q1",38,0
"338","Component 1: bilateral programme fund","South Africa","Output 1: Skills enhanced","Output 1.1.1 Key individuals (unknown) trained","2021 Q1",1,0
"339","Component 1: bilateral programme fund","South Africa","Output 1: Skills enhanced","Output 1.2 Person days of training","2021 Q1",116,0
"340","Component 1: bilateral programme fund","South Africa","Output 2: Recommendations proposed","Output 2.1. 'Recommendation proposed for policy/legislation'","2020 Q3",0,1
"341","Component 1: bilateral programme fund","South Africa","Output 2: Recommendations proposed","Output 2.1. 'Recommendation proposed for policy/legislation'","2021 Q2",0,2
"342","Component 1: bilateral programme fund","South Africa","Output 2: Recommendations proposed","Output 2.1. 'Recommendation proposed for policy/legislation'","2021 Q3",0,10
"343","Component 1: bilateral programme fund","South Africa","Output 2: Recommendations proposed","Output 2.1. 'Recommendation proposed for policy/legislation'","2021 Q4",0,6
"344","Component 1: bilateral programme fund","South Africa","Output 2: Recommendations proposed","Output 2.2. 'Recommendation proposed for other actions'","2021 Q2",0,1
"345","Component 1: bilateral programme fund","South Africa","Output 2: Recommendations proposed","Output 2.2. 'Recommendation proposed for other actions'","2021 Q3",0,1
"346","Component 1: bilateral programme fund","South Africa","Output 2: Recommendations proposed","Output 2.2. 'Recommendation proposed for other actions'","2021 Q4",0,1
"347","Component 1: bilateral programme fund","South Africa","Output 2: Recommendations proposed","Output 2.2. 'Recommendation proposed for other actions'","2022 Q1",0,1
"348","Component 1: bilateral programme fund","South Africa","Output 2: Recommendations proposed","Output 2.3. 'Project application/ tools developed to access funds'","2021 Q2",0,1
"349","Component 1: bilateral programme fund","South Africa","Output 2: Recommendations proposed","Output 2.3. 'Project application/ tools developed to access funds'","2021 Q3",0,1
"350","Component 1: bilateral programme fund","South Africa","Output 2: Recommendations proposed","Output 2.3. 'Project application/ tools developed to access funds'","2021 Q4",0,1
"351","Component 1: bilateral programme fund","South Africa","Output 3: Knowledge generated and disseminated","Output 3.1. 'Knowledge product developed'","2020 Q2",0,2
"352","Component 1: bilateral programme fund","South Africa","Output 3: Knowledge generated and disseminated","Output 3.1. 'Knowledge product developed'","2021 Q2",0,4
"353","Component 1: bilateral programme fund","South Africa","Output 3: Knowledge generated and disseminated","Output 3.1. 'Knowledge product developed'","2021 Q3",0,3
"354","Component 1: bilateral programme fund","South Africa","Output 3: Knowledge generated and disseminated","Output 3.1. 'Knowledge product developed'","2021 Q4",0,10
"355","Component 1: bilateral programme fund","South Africa","Output 3: Knowledge generated and disseminated","Output 3.1. 'Knowledge product developed'","2022 Q1",0,4
"356","Component 1: bilateral programme fund","South Africa","Output 3: Knowledge generated and disseminated","Output 3.1. 'Knowledge product developed'","Currently unknown",0,1
"357","Component 1: bilateral programme fund","South Africa","Output 3: Knowledge generated and disseminated","Output 3.2. 'Communication product disseminated'","2020 Q4",1,1
"358","Component 1: bilateral programme fund","South Africa","Output 3: Knowledge generated and disseminated","Output 3.2. 'Communication product disseminated'","2021 Q2",0,1
"359","Component 1: bilateral programme fund","South Africa","Output 3: Knowledge generated and disseminated","Output 3.2. 'Communication product disseminated'","2021 Q3",0,3
"360","Component 1: bilateral programme fund","South Africa","Output 3: Knowledge generated and disseminated","Output 3.2. 'Communication product disseminated'","2021 Q4",0,10
"361","Component 1: bilateral programme fund","South Africa","Output 3: Knowledge generated and disseminated","Output 3.2. 'Communication product disseminated'","2022 Q1",0,4
"362","Component 1: bilateral programme fund","South Africa","Output 4: Networks created and strengthened","Output 4. 'Network created/strenghtened'","2020 Q4",1,2
"363","Component 1: bilateral programme fund","South Africa","Output 4: Networks created and strengthened","Output 4. 'Network created/strenghtened'","2021 Q1",3,2
"364","Component 1: bilateral programme fund","South Africa","Output 4: Networks created and strengthened","Output 4. 'Network created/strenghtened'","2021 Q2",0,2
"365","Component 1: bilateral programme fund","South Africa","Output 4: Networks created and strengthened","Output 4. 'Network created/strenghtened'","2021 Q3",0,1
"366","Component 1: bilateral programme fund","South Africa","Output 4: Networks created and strengthened","Output 4. 'Network created/strenghtened'","2021 Q4",0,2
"367","Component 1: bilateral programme fund","South Africa","Intermediate Outcomes","Int. Out 1 'Enhanced action because of training'","2021 Q3",0,1
"368","Component 1: bilateral programme fund","South Africa","Intermediate Outcomes","Int. Out 1 'Enhanced action because of training'","2021 Q4",0,1
"369","Component 1: bilateral programme fund","South Africa","Intermediate Outcomes","Int. Out 1 'Enhanced action because of training'","2022 Q1",0,1
"370","Component 1: bilateral programme fund","South Africa","Intermediate Outcomes","Int. Out 1 'Enhanced action because of training'","2022 Q4",0,1
"371","Component 1: bilateral programme fund","South Africa","Intermediate Outcomes","Int. Out 1 'Enhanced action because of training'","Currently unknown",0,8
"372","Component 1: bilateral programme fund","South Africa","Intermediate Outcomes","Int. Out 2. 'Adoption of recommendation for policy/legislation'","2021 Q3",0,1
"373","Component 1: bilateral programme fund","South Africa","Intermediate Outcomes","Int. Out 2. 'Adoption of recommendation for policy/legislation'","Currently unknown",0,8
"374","Component 1: bilateral programme fund","South Africa","Intermediate Outcomes","Int. Out 3. 'Adoption of recommendation for other action'","2022 Q1",0,3
"375","Component 1: bilateral programme fund","South Africa","Intermediate Outcomes","Int. Out 3. 'Adoption of recommendation for other action'","Currently unknown",0,4
"376","Component 1: bilateral programme fund","South Africa","Intermediate Outcomes","Int. Out 4. 'Finance accessed or leveraged'","Currently unknown",0,1
"377","Component 1: bilateral programme fund","South Africa","Intermediate Outcomes","Int. Out 5. 'Adoption of knowledge/communication product'","2020 Q4",0,1
"378","Component 1: bilateral programme fund","South Africa","Intermediate Outcomes","Int. Out 5. 'Adoption of knowledge/communication product'","2021 Q3",0,2
"379","Component 1: bilateral programme fund","South Africa","Intermediate Outcomes","Int. Out 5. 'Adoption of knowledge/communication product'","2022 Q1",0,2
"380","Component 1: bilateral programme fund","South Africa","Intermediate Outcomes","Int. Out 5. 'Adoption of knowledge/communication product'","Currently unknown",0,11
"381","Component 1: bilateral programme fund","South Africa","Intermediate Outcomes","Int. Out 6. 'Network/partnership adopt relevant project/activities'","2021 Q3",0,1
"382","Component 1: bilateral programme fund","South Africa","Intermediate Outcomes","Int. Out 6. 'Network/partnership adopt relevant project/activities'","Currently unknown",0,3
"383","Component 1: bilateral programme fund","South Africa","Outcomes","Outcome 1. 'Increased capacity for relevant organisations'","2021 Q3",0,1
"384","Component 1: bilateral programme fund","South Africa","Outcomes","Outcome 1. 'Increased capacity for relevant organisations'","Currently unknown",0,6
"385","Component 1: bilateral programme fund","South Africa","Outcomes","Outcome 2. 'Recommendation implemented'","2023 Q4",0,2
"386","Component 1: bilateral programme fund","South Africa","Outcomes","Outcome 2. 'Recommendation implemented'","Currently unknown",0,9
"387","Component 1: bilateral programme fund","South Africa","Outcomes","Outcome 4. 'Finances invested'","Currently unknown",0,3
"388","Component 1: bilateral programme fund","South Africa",NA,"","2021 Q1",1,0
"389","Component 2: green challenge fund","Bangladesh","Output 1: Skills enhanced","Output 1. 'Training of key actors'","2021 Q4",0,2
"390","Component 2: green challenge fund","Bangladesh","Output 2: Recommendations proposed","Output 2.1. 'Recommendation proposed for policy/legislation'","2020 Q4",0,1
"391","Component 2: green challenge fund","Bangladesh","Output 3: Knowledge generated and disseminated","Output 3.2. 'Communication product disseminated'","2021 Q2",0,2
"392","Component 2: green challenge fund","Bangladesh","Output 4: Networks created and strengthened","Output 4. 'Network created/strenghtened'","2021 Q2",0,1
"393","Component 2: green challenge fund","Bangladesh","Output 4: Networks created and strengthened","Output 4. 'Network created/strenghtened'","2021 Q4",0,1
"394","Component 2: green challenge fund","Bangladesh","Outcomes","Outcome 2. 'Recommendation implemented'","2021 Q4",0,1
"395","Component 2: green challenge fund","India","Output 1: Skills enhanced","Output 1. 'Training of key actors'","2021 Q3",0,1
"396","Component 2: green challenge fund","India","Output 1: Skills enhanced","Output 1. 'Training of key actors'","2021 Q4",0,4
"397","Component 2: green challenge fund","India","Output 2: Recommendations proposed","Output 2.1. 'Recommendation proposed for policy/legislation'","2021 Q2",0,1
"398","Component 2: green challenge fund","India","Output 2: Recommendations proposed","Output 2.1. 'Recommendation proposed for policy/legislation'","2021 Q3",0,2
"399","Component 2: green challenge fund","India","Output 2: Recommendations proposed","Output 2.1. 'Recommendation proposed for policy/legislation'","2021 Q4",0,1
"400","Component 2: green challenge fund","India","Output 2: Recommendations proposed","Output 2.1. 'Recommendation proposed for policy/legislation'","Currently unknown",0,2
"401","Component 2: green challenge fund","India","Output 3: Knowledge generated and disseminated","Output 3.2. 'Communication product disseminated'","2021 Q4",0,1
"402","Component 2: green challenge fund","India","Output 3: Knowledge generated and disseminated","Output 3.2. 'Communication product disseminated'","Currently unknown",0,2
"403","Component 2: green challenge fund","India","Output 4: Networks created and strengthened","Output 4. 'Network created/strenghtened'","2021 Q2",0,1
"404","Component 2: green challenge fund","India","Output 4: Networks created and strengthened","Output 4. 'Network created/strenghtened'","Currently unknown",0,1
"405","Component 2: green challenge fund","India","Outcomes","Outcome 1. 'Increased capacity for relevant organisations'","2021 Q3",0,1
"406","Component 2: green challenge fund","India","Outcomes","Outcome 1. 'Increased capacity for relevant organisations'","Currently unknown",0,3
"407","Component 2: green challenge fund","India","Outcomes","Outcome 2. 'Recommendation implemented'","Currently unknown",0,2
"408","Component 2: green challenge fund","Indonesia","Output 1: Skills enhanced","Output 1. 'Training of key actors'","2021 Q4",0,1
"409","Component 2: green challenge fund","Indonesia","Output 2: Recommendations proposed","Output 2.1. 'Recommendation proposed for policy/legislation'","2021 Q3",0,1
"410","Component 2: green challenge fund","Indonesia","Output 2: Recommendations proposed","Output 2.1. 'Recommendation proposed for policy/legislation'","2021 Q4",0,3
"411","Component 2: green challenge fund","Indonesia","Output 2: Recommendations proposed","Output 2.2. 'Recommendation proposed for other actions'","2021 Q1",0,2
"412","Component 2: green challenge fund","Indonesia","Output 3: Knowledge generated and disseminated","Output 3.2. 'Communication product disseminated'","2021 Q2",0,1
"413","Component 2: green challenge fund","Indonesia","Output 3: Knowledge generated and disseminated","Output 3.2. 'Communication product disseminated'","2021 Q4",0,1
"414","Component 2: green challenge fund","Indonesia","Outcomes","Outcome 1. 'Increased capacity for relevant organisations'","Currently unknown",0,1
"415","Component 2: green challenge fund","Indonesia","Outcomes","Outcome 2. 'Recommendation implemented'","Currently unknown",0,5
"416","Component 3: secondments","Mexico","Output 2: Recommendations proposed","Output 2.1. 'Recommendation proposed for policy/legislation'","2021 Q3",0,1
"417","Component 3: secondments","Mexico","Output 2: Recommendations proposed","Output 2.2. 'Recommendation proposed for other actions'","2021 Q3",0,2
"418","Component 3: secondments","Mexico","Output 4: Networks created and strengthened","Output 4. 'Network created/strenghtened'","2021 Q3",0,1
"419","Component 3: secondments","Mexico","Intermediate Outcomes","Int. Out 2. 'Adoption of recommendation for policy/legislation'","2021 Q3",0,1
"420","Component 3: secondments","Mexico","Intermediate Outcomes","Int. Out 3. 'Adoption of recommendation for other action'","2021 Q3",0,2
"421","Component 3: secondments","Mexico","Intermediate Outcomes","Int. Out 6. 'Network/partnership adopt relevant project/activities'","2021 Q3",0,1
"422","Component 3: secondments","Mexico","Outcomes","Outcome 2. 'Recommendation implemented'","2021 Q3",0,1
"423","Component 3: secondments","Mexico","Outcomes","Outcome 4. 'Finances invested'","2021 Q3",0,1
"424","Component 3: skills shares","China","Output 1: Skills enhanced","Output 1. 'Training of key actors'","2019 Q1",0,1
"425","Component 3: skills shares","China","Output 1: Skills enhanced","Output 1. 'Training of key actors'","2019 Q2",1,0
"426","Component 3: skills shares","China","Output 1: Skills enhanced","Output 1. 'Training of key actors'","2021 Q1",1,1
"427","Component 3: skills shares","China","Output 1: Skills enhanced","Output 1.1 Key individuals trained","2019 Q2",55,0
"428","Component 3: skills shares","China","Output 1: Skills enhanced","Output 1.1 Key individuals trained","2021 Q1",100,0
"429","Component 3: skills shares","China","Output 1: Skills enhanced","Output 1.1.1 Key individuals (female prop) trained","2019 Q2",0.3,0
"430","Component 3: skills shares","China","Output 1: Skills enhanced","Output 1.1.1 Key individuals (female prop) trained","2021 Q1",0.5,0
"431","Component 3: skills shares","China","Output 1: Skills enhanced","Output 1.1.1 Key individuals (females) trained","2019 Q2",15,0
"432","Component 3: skills shares","China","Output 1: Skills enhanced","Output 1.1.1 Key individuals (females) trained","2021 Q1",48,0
"433","Component 3: skills shares","China","Output 1: Skills enhanced","Output 1.1.1 Key individuals (males) trained","2019 Q2",40,0
"434","Component 3: skills shares","China","Output 1: Skills enhanced","Output 1.1.1 Key individuals (males) trained","2021 Q1",52,0
"435","Component 3: skills shares","China","Output 1: Skills enhanced","Output 1.1.1 Key individuals (unknown) trained","2019 Q2",0,0
"436","Component 3: skills shares","China","Output 1: Skills enhanced","Output 1.1.1 Key individuals (unknown) trained","2021 Q1",0,0
"437","Component 3: skills shares","China","Output 1: Skills enhanced","Output 1.2 Person days of training","2019 Q2",27.5,0
"438","Component 3: skills shares","China","Output 1: Skills enhanced","Output 1.2 Person days of training","2021 Q1",50,0
"439","Component 3: skills shares","China","Output 2: Recommendations proposed","Output 2.2. 'Recommendation proposed for other actions'","2019 Q2",1,1
"440","Component 3: skills shares","China","Intermediate Outcomes","Int. Out 1 'Enhanced action because of training'","Currently unknown",0,1
"441","Component 3: skills shares","China","Intermediate Outcomes","Int. Out 3. 'Adoption of recommendation for other action'","2019 Q2",1,1
"442","Component 3: skills shares","China","Outcomes","Outcome 1. 'Increased capacity for relevant organisations'","Currently unknown",0,1
"443","Component 3: skills shares","China","Outcomes","Outcome 2. 'Recommendation implemented'","2019 Q4",0,1
"444","Component 3: skills shares","Colombia","Output 1: Skills enhanced","Output 1. 'Training of key actors'","2018 Q3",0,1
"445","Component 3: skills shares","Colombia","Output 1: Skills enhanced","Output 1. 'Training of key actors'","2019 Q3",1,1
"446","Component 3: skills shares","Colombia","Output 1: Skills enhanced","Output 1. 'Training of key actors'","2021 Q2",0,1
"447","Component 3: skills shares","Colombia","Output 1: Skills enhanced","Output 1.1 Key individuals trained","2019 Q3",9,0
"448","Component 3: skills shares","Colombia","Output 1: Skills enhanced","Output 1.1.1 Key individuals (female prop) trained","2019 Q3",0.2,0
"449","Component 3: skills shares","Colombia","Output 1: Skills enhanced","Output 1.1.1 Key individuals (females) trained","2019 Q3",2,0
"450","Component 3: skills shares","Colombia","Output 1: Skills enhanced","Output 1.1.1 Key individuals (males) trained","2019 Q3",7,0
"451","Component 3: skills shares","Colombia","Output 1: Skills enhanced","Output 1.1.1 Key individuals (unknown) trained","2019 Q3",0,0
"452","Component 3: skills shares","Colombia","Output 1: Skills enhanced","Output 1.2 Person days of training","2019 Q3",45,0
"453","Component 3: skills shares","Colombia","Output 2: Recommendations proposed","Output 2.1. 'Recommendation proposed for policy/legislation'","2019 Q4",1,1
"454","Component 3: skills shares","Colombia","Output 2: Recommendations proposed","Output 2.2. 'Recommendation proposed for other actions'","2021 Q2",0,1
"455","Component 3: skills shares","Colombia","Output 3: Knowledge generated and disseminated","Output 3.1. 'Knowledge product developed'","2021 Q2",0,1
"456","Component 3: skills shares","Colombia","Output 3: Knowledge generated and disseminated","Output 3.2. 'Communication product disseminated'","2018 Q3",2,1
"457","Component 3: skills shares","Colombia","Output 4: Networks created and strengthened","Output 4. 'Network created/strenghtened'","2018 Q3",0,1
"458","Component 3: skills shares","Colombia","Output 4: Networks created and strengthened","Output 4. 'Network created/strenghtened'","2019 Q3",0,1
"459","Component 3: skills shares","Colombia","Intermediate Outcomes","Int. Out 1 'Enhanced action because of training'","Currently unknown",0,3
"460","Component 3: skills shares","Colombia","Intermediate Outcomes","Int. Out 2. 'Adoption of recommendation for policy/legislation'","Currently unknown",0,1
"461","Component 3: skills shares","Colombia","Intermediate Outcomes","Int. Out 3. 'Adoption of recommendation for other action'","Currently unknown",0,1
"462","Component 3: skills shares","Colombia","Intermediate Outcomes","Int. Out 5. 'Adoption of knowledge/communication product'","Currently unknown",0,2
"463","Component 3: skills shares","Colombia","Intermediate Outcomes","Int. Out 6. 'Network/partnership adopt relevant project/activities'","Currently unknown",0,2
"464","Component 3: skills shares","Colombia","Outcomes","Outcome 1. 'Increased capacity for relevant organisations'","Currently unknown",0,4
"465","Component 3: skills shares","Colombia","Outcomes","Outcome 2. 'Recommendation implemented'","Currently unknown",0,2
"466","Component 3: skills shares","Malaysia","Output 1: Skills enhanced","Output 1. 'Training of key actors'","2019 Q3",1,1
"467","Component 3: skills shares","Malaysia","Output 1: Skills enhanced","Output 1.1 Key individuals trained","2019 Q3",37,0
"468","Component 3: skills shares","Malaysia","Output 1: Skills enhanced","Output 1.1.1 Key individuals (female prop) trained","2019 Q3",0.4,0
"469","Component 3: skills shares","Malaysia","Output 1: Skills enhanced","Output 1.1.1 Key individuals (females) trained","2019 Q3",15,0
"470","Component 3: skills shares","Malaysia","Output 1: Skills enhanced","Output 1.1.1 Key individuals (males) trained","2019 Q3",22,0
"471","Component 3: skills shares","Malaysia","Output 1: Skills enhanced","Output 1.1.1 Key individuals (unknown) trained","2019 Q3",0,0
"472","Component 3: skills shares","Malaysia","Output 1: Skills enhanced","Output 1.2 Person days of training","2019 Q3",37,0
"473","Component 3: skills shares","Malaysia","Output 2: Recommendations proposed","Output 2.1. 'Recommendation proposed for policy/legislation'","2019 Q3",1,1
"474","Component 3: skills shares","Malaysia","Output 4: Networks created and strengthened","Output 4. 'Network created/strenghtened'","2019 Q3",1,0
"475","Component 3: skills shares","Malaysia","Intermediate Outcomes","Int. Out 2. 'Adoption of recommendation for policy/legislation'","2019 Q4",1,1
"476","Component 3: skills shares","Malaysia","Outcomes","Outcome 2. 'Recommendation implemented'","Currently unknown",0,1
"477","Component 3: skills shares","Mexico","Output 1: Skills enhanced","Output 1. 'Training of key actors'","2019 Q3",1,1
"478","Component 3: skills shares","Mexico","Output 1: Skills enhanced","Output 1. 'Training of key actors'","2019 Q4",1,1
"479","Component 3: skills shares","Mexico","Output 1: Skills enhanced","Output 1.1 Key individuals trained","2019 Q3",9,0
"480","Component 3: skills shares","Mexico","Output 1: Skills enhanced","Output 1.1 Key individuals trained","2019 Q4",2,0
"481","Component 3: skills shares","Mexico","Output 1: Skills enhanced","Output 1.1.1 Key individuals (female prop) trained","2019 Q3",0.2,0
"482","Component 3: skills shares","Mexico","Output 1: Skills enhanced","Output 1.1.1 Key individuals (female prop) trained","2019 Q4",0.5,0
"483","Component 3: skills shares","Mexico","Output 1: Skills enhanced","Output 1.1.1 Key individuals (females) trained","2019 Q3",2,0
"484","Component 3: skills shares","Mexico","Output 1: Skills enhanced","Output 1.1.1 Key individuals (females) trained","2019 Q4",1,0
"485","Component 3: skills shares","Mexico","Output 1: Skills enhanced","Output 1.1.1 Key individuals (males) trained","2019 Q3",7,0
"486","Component 3: skills shares","Mexico","Output 1: Skills enhanced","Output 1.1.1 Key individuals (males) trained","2019 Q4",1,0
"487","Component 3: skills shares","Mexico","Output 1: Skills enhanced","Output 1.1.1 Key individuals (unknown) trained","2019 Q3",0,0
"488","Component 3: skills shares","Mexico","Output 1: Skills enhanced","Output 1.1.1 Key individuals (unknown) trained","2019 Q4",0,0
"489","Component 3: skills shares","Mexico","Output 1: Skills enhanced","Output 1.2 Person days of training","2019 Q3",18,0
"490","Component 3: skills shares","Mexico","Output 1: Skills enhanced","Output 1.2 Person days of training","2019 Q4",10,0
"491","Component 3: skills shares","Mexico","Output 3: Knowledge generated and disseminated","Output 3.2. 'Communication product disseminated'","2019 Q3",1,0
"492","Component 3: skills shares","Mexico","Intermediate Outcomes","Int. Out 1 'Enhanced action because of training'","2019 Q1",0,1
"493","Component 3: skills shares","Mexico","Intermediate Outcomes","Int. Out 1 'Enhanced action because of training'","2019 Q3",1,0
"494","Component 3: skills shares","Mexico","Intermediate Outcomes","Int. Out 1 'Enhanced action because of training'","2019 Q4",1,0
"495","Component 3: skills shares","Mexico","Intermediate Outcomes","Int. Out 1 'Enhanced action because of training'","Currently unknown",0,1
"496","Component 3: skills shares","Mexico","Outcomes","Outcome 1. 'Increased capacity for relevant organisations'","Currently unknown",0,2
"497","Component 3: skills shares","South Africa","Output 1: Skills enhanced","Output 1. 'Training of key actors'","2021 Q2",0,1
"498","Component 3: skills shares","South Africa","Output 2: Recommendations proposed","Output 2.2. 'Recommendation proposed for other actions'","2021 Q2",0,1
"499","Component 3: skills shares","South Africa","Output 3: Knowledge generated and disseminated","Output 3.1. 'Knowledge product developed'","2021 Q2",0,2
"500","Component 3: skills shares","South Africa","Intermediate Outcomes","Int. Out 1 'Enhanced action because of training'","Currently unknown",0,1
"501","Component 3: skills shares","South Africa","Intermediate Outcomes","Int. Out 5. 'Adoption of knowledge/communication product'","Currently unknown",0,1
"502","Component 3: skills shares","South Africa","Outcomes","Outcome 1. 'Increased capacity for relevant organisations'","Currently unknown",0,1
"503","Component 3: skills shares","Thailand","Output 2: Recommendations proposed","Output 2.1. 'Recommendation proposed for policy/legislation'","2021 Q2",0,1
"504","Component 3: skills shares","Thailand","Intermediate Outcomes","Int. Out 2. 'Adoption of recommendation for policy/legislation'","Currently unknown",0,1
"505","Component 3: skills shares","Thailand","Outcomes","Outcome 2. 'Recommendation implemented'","Currently unknown",0,1
